Model,Test F1 (macro),Test Accuracy,Test Precision (macro),Test Recall (macro),CV F1 (mean),CV F1 (std),CV Accuracy (mean),CV Accuracy (std),Train time (s),Inference (ms/doc),Dataset
A-LSA,0.8749103270880054,0.8759493670886076,0.8859808890296694,0.8749358974358974,0.7800244911774156,0.18219732436871608,0.8060397830018082,0.14954139887854578,4.483931541442871,1.6751506660558,20 Newsgroups
Naive Bayes,0.9569078926258912,0.9569620253164557,0.9581468333590575,0.9566666666666667,0.9650914555874788,0.007526909148482279,0.9651235684147077,0.007510981750269856,0.39100193977355957,0.3062471558776083,20 Newsgroups
Logistic Regression,0.9544300876788187,0.9544303797468354,0.9545046661880833,0.954551282051282,0.9638470438553535,0.004306326685673117,0.9638557363873821,0.0043024652713337,0.5288636684417725,0.32858124262169947,20 Newsgroups
Linear SVM,0.9695966748768473,0.9696202531645569,0.9702188318693172,0.9694230769230769,0.9593980237819277,0.0061652500123848125,0.9594153104279688,0.006163340854474154,0.39736008644104004,0.34661232670651204,20 Newsgroups
LSA + Logistic Regression,0.9493641677776639,0.9493670886075949,0.9493539455468389,0.9494230769230769,0.958774610161876,0.006309339939466745,0.9587884267631104,0.0063012113333765175,1.0511765480041504,0.31586357309848445,20 Newsgroups
