Model,Test F1 (macro),Test Accuracy,Test Precision (macro),Test Recall (macro),CV F1 (mean),CV F1 (std),CV Accuracy (mean),CV Accuracy (std),Train time (s),Inference (ms/doc),Dataset
A-LSA,0.9500126425424242,0.9775784753363229,0.9654258080785605,0.9359741270304445,0.9463687012252302,0.008596245245958442,0.9753297801130387,0.004201692224977496,6.937921047210693,1.049776315689087,SMS Spam
Naive Bayes,0.9436511368039218,0.9757847533632287,0.9828496793724162,0.9122340795086636,0.9485843403119866,0.005925470794792953,0.9777984126265145,0.0023883631289985377,0.10091233253479004,0.020322322845458984,SMS Spam
Logistic Regression,0.9502109037948944,0.9766816143497757,0.945263136439607,0.9553232731668682,0.9577772670687172,0.005497063908820718,0.980489498875149,0.0025127827125483973,0.12413859367370605,0.026440143585205078,SMS Spam
Linear SVM,0.9592144936169769,0.9811659192825112,0.9605285223175606,0.9579112648852947,0.9617443548118674,0.00856457849882861,0.9825084426728672,0.004044787793243804,0.11895632743835449,0.019112110137939453,SMS Spam
LSA + Logistic Regression,0.9133341106058839,0.95695067264574,0.8884346504559271,0.9439361096057916,0.9341597705097037,0.0068460524051706315,0.9686035743584324,0.0032426935633543476,0.6599843502044678,0.02317333221435547,SMS Spam
